,id,working_direction,employer_count_interval,created_at,updated_at,billing_tariff_id,billing_is_over
19,514,-,1.0,1571316635,1670298314,4.0,True
57,383,Строительство,2.0,1564142565,1676550050,7.0,False
69,495,-,1.0,1570535695,1598281714,2.0,False
75,724,-,1.0,1579514393,1670298294,4.0,True
99,471,-,1.0,1569328017,1670298360,7.0,True
124,8236,Строительство,2.0,1688014977,1690893826,2.0,False
156,726,-,1.0,1579548836,1670298343,4.0,True
157,650,Генеральный подрядчик,4.0,1575784898,1670298346,2.0,True
189,8900,Строительная компания,7.0,1695382331,1695471247,2.0,False
200,496,Строительство,1.0,1570749473,1670298304,4.0,True
218,430,Ремонт помещений,2.0,1567439356,1670298351,7.0,True
222,457,Строительство,1.0,1568701175,1670298359,4.0,True
242,8797,-,1.0,1694543867,1696238538,7.0,False
244,749,Строительство,2.0,1580289327,1694815202,2.0,True
267,257,строительство ,3.0,1554118691,1670298319,2.0,True
274,688,-,1.0,1578403989,1670298334,2.0,True
329,822,-,1.0,1583834021,1670298338,2.0,True
353,483,ремонт и отделка,2.0,1569639747,1670298375,4.0,True
384,218,Строительство,2.0,1552132144,1670298318,4.0,True
388,575,Строительство,1.0,1574192020,1670298324,4.0,True
407,468,СТРОИТЕЛЬСТВО,1.0,1569242435,1670298363,4.0,True
446,1,строительство,3.0,1548252051,1670298331,3.0,True
465,21,Строительство домов,1.0,1548939803,1682892002,7.0,True
473,8246,-,1.0,1688047592,1690544095,2.0,False
582,8591,-,1.0,1692352118,1698079367,9.0,False
734,303,телемаркетинг,1.0,1558425368,1670298382,2.0,True
764,865,-,1.0,1585804501,1670298313,7.0,True
770,347,ремонт,1.0,1561654467,1670298330,4.0,True
777,639,-,1.0,1575118404,1670298342,7.0,True
813,628,-,1.0,1574851611,1678440698,7.0,False
814,877,-,1.0,1586177903,1670298291,4.0,True
836,860,-,1.0,1585304200,1670298350,3.0,True
844,885,-,1.0,1586426322,1670298361,4.0,True
849,874,Ремонт и отделка помещений,1.0,1586156881,1670298371,4.0,True
855,845,-,1.0,1584625498,1670298400,6.0,True
856,602,-Малоэтажное строительство,1.0,1574501658,1670298400,4.0,True
859,738,строительство,2.0,1579887175,1670298403,2.0,True
860,905,Строительство,1.0,1586864957,1670298404,2.0,True
878,926,-,1.0,1587117862,1670298304,3.0,True
881,953,-,1.0,1587471818,1670298312,2.0,True
886,912,строительство,1.0,1587020740,1670298318,4.0,True
896,932,-,1.0,1587376064,1670298353,4.0,True
897,980,-,1.0,1587634149,1670298355,7.0,True
898,924,-,1.0,1587117073,1670298356,7.0,True
911,921,Отделка ,1.0,1587116147,1670298377,4.0,True
920,920,-,1.0,1587042579,1670298391,2.0,True
932,8674,-,1.0,1693218432,1693316024,7.0,False
968,1096,-,1.0,1588667559,1670298353,2.0,True
998,919,Строительство,2.0,1587034306,1670298282,2.0,True
1012,1056,-,1.0,1588148575,1670298314,4.0,True
1014,1067,-,4.0,1588238523,1670298319,10.0,True
1029,1072,-,1.0,1588238624,1670298352,2.0,True
1047,1071,-,2.0,1588238580,1670298396,2.0,True
1089,1036,Отделка,1.0,1587992296,1670298345,4.0,True
1096,1157,-,1.0,1589964148,1670298361,4.0,True
1107,1154,Строительство,3.0,1589880249,1670298384,2.0,True
1115,8676,-,2.0,1693229248,1702504801,2.0,True
1125,1233,-,1.0,1591694721,1670298288,7.0,True
1127,1184,-,1.0,1591094594,1670298292,2.0,True
1155,1275,-,1.0,1592209610,1670298361,7.0,True
1158,1177,-,1.0,1591014782,1670298365,7.0,True
1167,1210,-,5.0,1591269771,1670298379,7.0,True
1169,1153,Проектирование и строительство ресторанов ,1.0,1589831977,1670298383,7.0,True
1208,1277,-,1.0,1592212975,1670298327,7.0,True
1214,1250,-,1.0,1591781727,1670298341,7.0,True
1223,1222,-,1.0,1591608154,1670298365,7.0,True
1256,1317,строительство  и отделка,1.0,1592817781,1700226988,2.0,False
1270,1350,-,1.0,1593164372,1670298327,7.0,True
1288,1330,-,1.0,1592913088,1670298358,3.0,True
1300,1325,Строительство,1.0,1592891961,1670298374,2.0,True
1311,1394,ремонты,2.0,1594046967,1594046967,,False
1326,116,Электромонтажные работы,1.0,1549007268,1670298309,7.0,True
1350,1581,-,1.0,1596792465,1670298367,7.0,True
1362,1442,-,1.0,1594804985,1670298388,7.0,True
1365,1405,-,1.0,1594286516,1670298393,7.0,True
1372,8835,-,1.0,1694785766,1699653601,7.0,True
1382,1451,-,1.0,1594878362,1670298277,6.0,True
1415,1502,-,1.0,1595497767,1670298353,7.0,True
1423,1463,-,1.0,1595060942,1670298373,2.0,True
1443,8276,-,2.0,1688380242,1692601394,2.0,False
1464,1528,-,1.0,1596012330,1670298327,7.0,True
1468,1523,-,1.0,1595915041,1670298340,7.0,True
1490,1513,-,1.0,1595669046,1670298383,2.0,True
1498,1536,-,1.0,1596101047,1670298399,7.0,True
1538,1586,-,1.0,1597051396,1670298352,7.0,True
1545,1634,-,1.0,1597664086,1670298367,2.0,True
1574,1642,-,2.0,1597742629,1670298281,2.0,True
1626,1682,-,1.0,1598088152,1674511201,2.0,True
1627,512,-,1.0,1571294478,1674770401,2.0,True
1638,1750,-,1.0,1598609705,1670298265,7.0,True
1666,1757,-,1.0,1598857198,1670298347,7.0,True
1674,1751,строительная компания (тест),1.0,1598612430,1670298362,2.0,True
1677,1730,-,1.0,1598450837,1670298369,7.0,True
1684,1758,-,1.0,1598865824,1670298388,7.0,True
1698,8549,-,2.0,1691999414,1694815202,2.0,True
1722,1782,-,1.0,1599213332,1670298337,2.0,True
1728,1864,-,1.0,1600377351,1670298348,2.0,True
1843,2035,-,1.0,1602672454,1670298303,2.0,True
1845,1569,Строительство и ремонт,2.0,1596571087,1670298307,7.0,True
1863,2021,-,1.0,1602591770,1670298353,7.0,True
1878,2014,строительство,1.0,1602574065,1670298399,7.0,True
1884,8315,-,1.0,1688732716,1689743594,7.0,False
1917,1975,-,1.0,1602235539,1670298338,7.0,True
1945,2033,-,2.0,1602667426,1670298407,2.0,True
1996,2107,-,1.0,1603186029,1670298366,7.0,True
2003,2076,-,1.0,1602851101,1670298385,7.0,True
2043,2128,-,2.0,1603284468,1670298336,2.0,True
2055,2226,-,1.0,1604049938,1670298355,7.0,True
2073,2161,-,1.0,1603444991,1670298399,7.0,True
2074,2174,Демонтажные работы,2.0,1603624308,1670298401,2.0,True
2079,8326,Строительство рыбоводных ферм,2.0,1688987687,1688988480,2.0,False
2090,2213,-,1.0,1603888749,1670298298,7.0,True
2124,2310,-,1.0,1605084586,1670298381,7.0,True
2137,1492,Строительно-монтажные работы,3.0,1595419065,1678744802,2.0,True
2142,2316,-,1.0,1605097442,1689285601,4.0,False
2159,2295,-,1.0,1604996572,1670298313,7.0,True
2165,2300,-,1.0,1605010960,1670298320,2.0,True
2173,2282,-,1.0,1604665524,1670298333,7.0,True
2174,2251,-,1.0,1604342374,1670298334,7.0,True
2182,2298,-,1.0,1605000239,1670298354,2.0,True
2201,8285,Строительство каркасных домов,1.0,1688464589,1689063539,7.0,False
2205,8338,-,1.0,1689065078,1690927201,13.0,True
2207,2366,-,1.0,1605598351,1605598351,,False
2214,2342,-,1.0,1605218394,1670298291,2.0,True
2251,2353,-,1.0,1605351997,1670298363,2.0,True
2269,8332,Строительство,1.0,1689000407,1706220001,7.0,True
2270,2459,Дизайн интерьеров,1.0,1606553678,1688335202,6.0,True
2279,2431,-,1.0,1606136068,1670298281,2.0,True
2286,2441,-,1.0,1606283263,1670298302,7.0,True
2301,2409,-,1.0,1605801234,1670298333,7.0,True
2328,2383,-,1.0,1605626993,1670298396,7.0,True
2349,2493,-,1.0,1607587097,1670298294,7.0,True
2357,2507,-,1.0,1607937792,1670298312,7.0,True
2361,2463,-,1.0,1606724040,1670298319,7.0,True
2376,720,-,2.0,1579282890,1670298368,2.0,True
2397,8347,Строительство,2.0,1689147394,1693666873,2.0,False
2415,2567,-,1.0,1609150861,1670298306,2.0,True
2421,2547,-,1.0,1608889110,1670298320,7.0,True
2429,2594,-,1.0,1610113000,1670298343,7.0,True
2450,2565,-,1.0,1609131652,1670298385,2.0,True
2475,2626,-,4.0,1610548525,1670298304,3.0,True
2477,2620,-,1.0,1610527005,1670298313,7.0,True
2482,2484,-,1.0,1607343780,1670298330,2.0,True
2485,2631,-,2.0,1610616250,1670298336,7.0,True
2497,2590,-,1.0,1609748116,1670298363,2.0,True
2518,2635,-,1.0,1610618542,1670298397,2.0,True
2524,2653,-,1.0,1610807800,1684533601,2.0,True
2534,2670,-,1.0,1610913593,1670298288,2.0,True
2543,2704,-,1.0,1611207780,1670298305,2.0,True
2549,1935,-,1.0,1601883780,1676152801,2.0,True
2589,2755,Ремонтные работы,1.0,1611844409,1688335202,2.0,True
2607,2766,Малоэтажное строительство ,2.0,1612169775,1670298311,2.0,True
2608,2731,строительство,4.0,1611555730,1670298311,3.0,True
2610,2767,Строительство и ремонт,1.0,1612171466,1670298314,7.0,True
2611,2753,-,1.0,1611833939,1670298325,2.0,True
2630,8364,,2.0,1689327108,1692179928,2.0,False
2642,1339,Ремонтно-строительная ,2.0,1593007695,1670298398,2.0,True
2648,8365,-,1.0,1689327477,1693506992,7.0,False
2670,2798,-,1.0,1612855485,1670298324,7.0,True
2672,2820,Ремонт под ключ,2.0,1613389751,1670298326,7.0,True
2677,2800,-,1.0,1612859199,1670298343,7.0,True
2731,2897,-,3.0,1614856736,1670298322,2.0,True
2735,2851,-,1.0,1613990814,1670298329,7.0,True
2777,2919,-,1.0,1615296352,1695592801,7.0,False
2808,2956,-,1.0,1615807568,1670298353,7.0,True
2812,2903,-,1.0,1614946424,1670298366,7.0,True
2824,2774,Электромонтаж,1.0,1612281073,1670298392,7.0,True
2829,2966,-,2.0,1615904451,1670298404,2.0,True
2832,2002,Строительство рыбоводных ферм,2.0,1602504491,1688980344,2.0,True
2834,3003,-,1.0,1616498701,1709416801,7.0,True
2849,2988,"Проектирование,  Производство и Строительство",1.0,1616324948,1670298307,2.0,True
2852,2824,Строительство коттеджей,2.0,1613451222,1670298313,2.0,True
2859,2968,-,1.0,1615969550,1670298333,9.0,True
2892,3064,-,1.0,1617367923,1700863201,7.0,True
2915,3078,Строительство загородных домов,2.0,1617689759,1670298338,2.0,True
2918,3073,-,1.0,1617633600,1670298342,7.0,True
2919,2948,Малоэтажное строительство,1.0,1615723749,1670298344,7.0,True
2935,3132,-,1.0,1618552355,1670298378,2.0,True
2939,3067,-,1.0,1617393441,1670298383,2.0,True
2940,1744,-,1.0,1598558542,1670298383,2.0,True
2948,3031,-,1.0,1617019895,1670536801,2.0,True
2961,3085,Строительство,1.0,1617788424,1670298292,7.0,True
2968,1846,Электроэнергетика ,4.0,1600165807,1670298321,9.0,True
2971,3115,Изготовление заборов,1.0,1618241579,1670298333,7.0,True
2984,3099,-,1.0,1617900181,1676970404,2.0,False
2999,3096,-,1.0,1617874418,1670298397,2.0,True
3001,1043,-,1.0,1588065787,1670298400,4.0,True
3003,3120,-,1.0,1618338103,1670298406,7.0,True
3017,3191,-,1.0,1619440359,1670298283,2.0,True
3036,3210,-,1.0,1619597001,1670298344,7.0,True
3041,3182,-,1.0,1619186939,1670298357,2.0,True
3051,3178,-,2.0,1619159676,1670298377,2.0,True
3067,3241,-,1.0,1619962268,1679090402,9.0,True
3074,3224,Малоэтажное строительство,8.0,1619697453,1631283754,9.0,False
3081,3239,Ремонт квартир,2.0,1619953832,1670298282,7.0,True
3085,3252,Строительство,2.0,1620191230,1670298297,7.0,True
3106,3306,-,1.0,1620800715,1670298347,7.0,True
3108,3231,-,1.0,1619705578,1670298353,7.0,True
3109,3162,Девелопмент,1.0,1618937913,1670298354,7.0,True
3115,3323,-,1.0,1620890814,1670298363,11.0,True
3125,3139,-,1.0,1618685037,1670298401,7.0,True
3130,3314,-,1.0,1620819362,1670298407,2.0,True
3149,3263,Строительство спортивных и детски площадок,2.0,1620291348,1670298307,7.0,True
3157,3327,-Ремонт,2.0,1620901986,1670298329,7.0,True
3174,3281,-,1.0,1620406993,1670298361,7.0,True
3179,3277,Строительная ,2.0,1620382920,1670298373,2.0,True
3181,3200,-,1.0,1619515906,1670298380,4.0,True
3195,3348,-,1.0,1621240429,1693000802,2.0,True
3200,3344,-,1.0,1621109288,1670298281,7.0,True
3236,3410,-,1.0,1621840646,1670298364,7.0,True
3247,3307,строительство,2.0,1620807211,1670298390,2.0,True
3264,3495,-,1.0,1622737570,1670298273,7.0,True
3289,3456,-,2.0,1622125549,1670298330,2.0,True
3312,3486,-,1.0,1622656399,1670298389,2.0,True
3326,3464,-,8.0,1622364797,1692655202,2.0,True
3339,3384,Строительство,1.0,1621511309,1670298309,7.0,True
3366,3563,-,1.0,1623676523,1670298379,7.0,True
3368,3512,-,1.0,1622982960,1670298384,2.0,True
3384,3564,-,1.0,1623677920,1700431202,7.0,True
3395,3521,-,1.0,1623121678,1670298301,7.0,True
3423,3597,Частное домостроение,2.0,1623998323,1670298382,2.0,True
3439,3654,строительство,2.0,1624962346,1698322584,2.0,False
3440,3640,-,1.0,1624622493,1624648604,6.0,False
3462,3589,-,1.0,1623929101,1670298342,2.0,True
3464,3664,-,1.0,1625123329,1670298345,7.0,True
3475,3674,-,1.0,1625210787,1670298377,2.0,True
3480,1723,Строительство коттеджей ,2.0,1598434685,1670298394,7.0,True
3487,3518,-,2.0,1623093850,1703502364,10.0,False
3497,8702,-,1.0,1693477221,1693564183,7.0,False
3501,3499,-,2.0,1622800596,1670298272,2.0,True
3504,3668,-,1.0,1625206047,1670298286,2.0,True
3514,3719,-,1.0,1625724778,1670298318,7.0,True
3517,3694,Строительно-ремонтная компания,1.0,1625478999,1670298333,2.0,True
3534,3633,Строительство,2.0,1624555247,1670298380,7.0,True
3538,3742,Строительство и ремонт,2.0,1626092492,1670298384,7.0,True
3547,3665,-,1.0,1625136333,1700036294,7.0,False
3548,3630,-,1.0,1624534800,1701208801,7.0,True
3549,3611,Монолитные работы,2.0,1624305257,1698616802,2.0,False
3568,3733,Строительство домов из кедра,1.0,1625835571,1670298302,7.0,True
3580,3635,Строительство,1.0,1624607966,1670298339,7.0,True
3593,3745,it,2.0,1626147690,1670298375,2.0,True
3594,3705,-,4.0,1625567403,1670298378,10.0,True
3603,3684,-,1.0,1625409469,1679263202,7.0,True
3670,3865,-,1.0,1627481508,1632720249,7.0,False
3672,3891,-,1.0,1627976399,1702936802,2.0,True
3684,3112,-,1.0,1618227022,1670298305,2.0,True
3695,3921,-,3.0,1628224820,1670298339,2.0,True
3706,3828,-,3.0,1627031004,1670298375,9.0,True
3722,3851,Демонтажные работы,2.0,1627370793,1670298403,2.0,True
3723,3885,-,1.0,1627910528,1693173601,7.0,True
3732,3623,Вентиляция Кондиционирование,3.0,1624448213,1691152178,9.0,False
3768,3917,-,1.0,1628171898,1670298368,2.0,True
3806,3715,Ремонтно Строительная компания ,1.0,1625672224,1670298306,7.0,True
3820,8428,-,1.0,1690277657,1696456801,2.0,True
3851,4057,-,1.0,1630000196,1704924002,2.0,True
3872,4100,-,1.0,1630490154,1670298311,9.0,False
3903,694,-,1.0,1578587588,1674770401,3.0,True
3905,3978,СТРОИТЕЛЬСТВО ДОМОВ,5.0,1629174840,1707755582,20.0,False
3909,882,Отделка домов и бань,1.0,1586425825,1690322402,7.0,True
3922,4121,-,1.0,1630587098,1670298289,2.0,True
3932,3448,-Инженерные системы,1.0,1622102040,1670298328,2.0,True
3948,3645,Ремонт,2.0,1624818725,1678226401,7.0,True
3964,4124,-,1.0,1630655289,1675673046,2.0,False
3994,4200,-,2.0,1631597183,1670298342,7.0,True
4018,4211,Архитектура Строительство,1.0,1631696661,1670298401,7.0,True
4022,8437,малоэтажное строительство ,3.0,1690367599,1691406120,7.0,False
4025,4086,"Строительные и отделочные работы, продажа материалов",4.0,1630403050,1705356001,7.0,False
4028,1970,Строительство зданий и сооружений,1.0,1602235320,1670298284,2.0,True
4064,3958,Системы безопасности и автоматизации,1.0,1628757028,1670298386,2.0,True
4077,4330,Производство домов,1.0,1633075153,1708898402,7.0,True
4078,8715,Строительство,1.0,1693576953,1705607460,7.0,False
4124,4038,Ремонт квартир и строительство небольших малоэтажных зданий,1.0,1629808759,1680040801,7.0,True
4125,4199,Проектирование. Строительство. Вентилируемые фасады. Производство каркасных домов,2.0,1631537871,1685311202,2.0,True
4132,4334,-,3.0,1633088263,1709416801,2.0,False
4134,4351,-,1.0,1633433699,1635520907,7.0,False
4145,4435,-,1.0,1634214997,1670298300,7.0,True
4160,4271,"Наружные сети, бетонные работы",1.0,1632392620,1670298338,2.0,True
4191,4480,Монтаж инженерных систем,3.0,1634713651,1691532001,2.0,True
4216,4407,-,1.0,1634023556,1670298337,2.0,True
4242,4402,-,1.0,1633965468,1679608802,7.0,True
4245,4403,-,1.0,1634018257,1670298399,2.0,True
4248,4409,-,1.0,1634032298,1670298404,2.0,True
4250,4411,-,1.0,1634032841,1682632802,2.0,True
4329,4565,-,1.0,1635767177,1670298297,2.0,True
4377,4610,-,1.0,1636472705,1702504801,2.0,False
4383,8408,-,1.0,1689926855,1690947151,2.0,False
4390,4644,-строительство,2.0,1636802762,1670298296,2.0,True
4396,4566,-,2.0,1635770558,1670298303,2.0,True
4427,4600,-,1.0,1636446028,1670298395,7.0,True
4435,4625,-,1.0,1636554042,1673388001,7.0,True
4497,4664,-,1.0,1637068520,1672610402,7.0,True
4536,4743,-,1.0,1637764170,1670298344,2.0,True
4567,4804,-,1.0,1638704094,1644409838,7.0,False
4568,4799,-,2.0,1638565506,1646994570,2.0,False
4611,4817,Строительство,2.0,1638948955,1703101929,2.0,False
4627,4608,Строительство,2.0,1636465470,1690236001,2.0,True
4628,4883,-,1.0,1639672150,1640681677,2.0,False
4629,4877,-,1.0,1639643611,1640869365,7.0,False
4630,4580,-,4.0,1635923446,1697839201,2.0,True
4641,4868,-,1.0,1639555652,1707646188,2.0,False
4684,4839,-,1.0,1639123422,1680213601,7.0,True
4686,4875,-,1.0,1639580105,1709813661,7.0,False
4690,4960,Строительство зданий,1.0,1640761807,1644911502,9.0,False
4698,4978,-,1.0,1641729193,1670298292,2.0,True
4700,3471,-,1.0,1622465458,1670298297,7.0,True
4702,4894,Водоподготовка,2.0,1639813877,1670298309,2.0,True
4706,4736,Строительная компания,2.0,1637744926,1670298319,2.0,True
4712,344,Строительство,2.0,1561375991,1670298339,4.0,True
4717,4963,-,1.0,1640785558,1670298349,7.0,True
4727,4585,Строительство,3.0,1635944900,1670298381,9.0,True
4738,2683,-,1.0,1611048226,1682719202,7.0,True
4739,1568,Ремонт квартир ,1.0,1596559437,1673474402,6.0,True
4740,4913,Строительство деревянных домов.,1.0,1640076741,1685804370,7.0,False
4742,3264,-,1.0,1620292179,1698444002,9.0,True
4744,4320,-строительство,3.0,1632995682,1706652001,7.0,True
4746,1133,-,1.0,1589361803,1688853602,2.0,True
4776,5005,Строительно монтажные работы,3.0,1641912900,1682978402,2.0,True
4797,5033,-,1.0,1642068372,1670298402,2.0,True
4800,4972,-,1.0,1641376575,1676930401,2.0,True
4801,3457,-,1.0,1622129490,1680213601,7.0,True
4864,8727,-,1.0,1693830361,1693831124,17.0,False
4866,8726,-,1.0,1693822855,1694498966,2.0,False
4867,5056,-,1.0,1642157562,1709244001,2.0,True
4874,5119,Малоэтажное строительство,2.0,1642678890,1670298293,2.0,True
4910,2560,Строительство и проектирование зданий и сооружений ,3.0,1609079031,1670298385,9.0,True
4922,5144,-,2.0,1642850667,1676066401,2.0,True
4923,4514,-,1.0,1635149424,1684360801,2.0,True
4924,5191,-,1.0,1643204875,1681509602,7.0,False
4932,5176,-,2.0,1643120777,1659103581,2.0,False
4936,2866,-,2.0,1614281232,1670298272,9.0,True
4943,3650,-,1.0,1624902420,1670298295,2.0,True
4972,5160,-,1.0,1643041029,1670298379,2.0,True
4984,5173,Премиальная покраска и утепление деревянных домов,1.0,1643118320,1679176801,7.0,True
4987,4517,"Фасады, СПК",3.0,1635155579,1648203951,9.0,False
4991,2838,Строительство,2.0,1613714258,1643960038,2.0,False
4994,4430,-,2.0,1634199208,1643987958,2.0,False
4997,5291,-,1.0,1644240221,1670298273,2.0,True
5010,2833,-малоэтажное строительство,2.0,1613637187,1670298314,7.0,True
5038,3624,Дарить людям радость,1.0,1624455400,1671573601,7.0,True
5039,4392,Ремонтно отделочные работы,1.0,1633939894,1674943201,7.0,True
5040,5233,Малоэтажное строительство,1.0,1643715391,1706595207,7.0,False
5041,5289,-,1.0,1644235526,1686209599,7.0,False
5042,8495,-,1.0,1691135678,1705053362,20.0,False
5043,4651,Строительство частных домов,1.0,1636970028,1644402348,7.0,False
5046,5282,-,1.0,1644220769,1708207201,2.0,True
5079,5263,Строительство,1.0,1643896469,1670298373,2.0,True
5080,1771,-,1.0,1599124982,1670298381,7.0,True
5095,5298,Светопрозрачные конструкции ,1.0,1644317762,1709330401,7.0,True
5100,5318,-,2.0,1644407263,1703800801,9.0,True
5104,5322,-строительство,3.0,1644411381,1644580981,9.0,False
5105,4072,-,2.0,1630157518,1705788002,2.0,True
5108,5339,-,1.0,1644505174,1654001546,9.0,False
5155,5356,-,1.0,1644587361,1670298391,2.0,True
5159,5380,-,1.0,1644848928,1682978401,7.0,True
5162,8498,-,1.0,1691140930,1691469982,7.0,False
5184,5050,-,1.0,1642148641,1701348260,7.0,False
5214,4278,Ремонт и комплектация строительных объектов,2.0,1632480266,1684965602,7.0,True
5217,5416,-,2.0,1645086432,1699826402,2.0,True
5219,5445,-,3.0,1645442644,1701554401,7.0,True
5221,5454,ремонтно-отделочные работы,1.0,1645520625,1645688151,7.0,False
5229,5423,-,5.0,1645170078,1670298282,2.0,True
5272,5225,Малоэтажное строительство,3.0,1643684807,1670364001,2.0,True
5274,5254,Строительство молоэтажных домов,2.0,1643875854,1698098402,2.0,True
5276,8505,-,1.0,1691255350,1692769405,7.0,False
5278,5466,-,1.0,1645628999,1708725601,2.0,True
5280,8681,-,1.0,1693293698,1701921947,10.0,False
5281,4249,Строительная компания,1.0,1632220929,1691186402,7.0,True
5282,5585,-,1.0,1647266229,1648213235,2.0,False
5284,5441,Строительство,6.0,1645434579,1691618401,2.0,True
5317,5532,-,1.0,1646470833,1670298364,2.0,True
5334,5542,-,1.0,1646815498,1686317789,7.0,False
5335,5540,-,1.0,1646813278,1701468001,2.0,True
5337,3907,-,1.0,1628085803,1702936802,7.0,True
5340,5560,-,2.0,1646984788,1707602401,2.0,True
5344,5389,Строительство,2.0,1644922309,1701295201,9.0,True
5357,5648,-,1.0,1647937521,1700406942,2.0,False
5361,3661,-,1.0,1625119385,1670298326,7.0,True
5368,5603,-,1.0,1647433575,1705183201,2.0,True
5371,2918,Ремонт под ключ,1.0,1615292051,1670298352,7.0,True
5393,4112,-,1.0,1630571518,1679522401,7.0,True
5397,5689,-,1.0,1648580997,1689285601,7.0,True
5401,5633,-,1.0,1647668241,1693605602,2.0,True
5402,3358,-,1.0,1621330541,1648474605,2.0,False
5403,7274,Строительство,2.0,1675077026,1695074402,2.0,True
5424,4598,Слаботочные системы,2.0,1636358263,1670298323,7.0,True
5439,5682,-,1.0,1648550602,1670298374,2.0,True
5443,5647,-,1.0,1647937261,1670298382,2.0,True
5451,5643,-,1.0,1647869643,1702936802,2.0,True
5453,8918,-,1.0,1695642041,1697199632,7.0,False
5457,8513,Строительство ,1.0,1691481044,1691484986,2.0,False
5459,5591,-,2.0,1647331060,1649119567,2.0,False
5463,5646,"Строительство, монтаж инженерных систем",3.0,1647932916,1670298274,9.0,True
5464,5536,-,1.0,1646480605,1670298279,2.0,True
5475,5757,Строительство,1.0,1649328383,1670298313,2.0,True
5505,5759,-,1.0,1649334507,1697320801,7.0,True
5509,4394,-,1.0,1633951800,1701727201,2.0,True
5513,4902,Эффективные инженерные системы,2.0,1639986388,1705874402,2.0,True
5516,3502,Капитальный ремонт МКД,2.0,1622808394,1649241402,2.0,False
5517,5561,Ремонт и реконструкция помещений жилого и коммерческого назначения       ,1.0,1646986604,1649247013,7.0,False
5521,5376,-,1.0,1644845248,1650548125,2.0,False
5522,5756,Внутренние отделочные работы,1.0,1649317750,1703541601,7.0,True
5563,5755,-,1.0,1649312312,1681855201,2.0,True
5564,5761,-,1.0,1649336651,1686175201,7.0,True
5566,5787,Строительно-монтажные работы,1.0,1649685583,1703023201,7.0,True
5567,2265,Строительство,3.0,1604492574,1703109601,7.0,True
5568,5804,-,1.0,1649853833,1703196001,7.0,True
5569,3009,Ремонт и строительство,2.0,1616575237,1704492001,2.0,True
5570,5758,Внутренние Инженерные системы,2.0,1649332936,1709244001,2.0,True
5571,5770,Капитальный ремонт ФКР,2.0,1649409604,1707516001,17.0,True
5572,5865,Строительство,7.0,1650572457,1688162401,2.0,True
5573,541,"строительство, отделочные работы",2.0,1573152527,1689717601,2.0,True
5595,8709,-,1.0,1693496459,1694681159,20.0,False
5612,5817,Строительство инженерных коммуникаций,2.0,1650029069,1709589601,2.0,True
5623,4242,Строительство,1.0,1632137347,1679664427,7.0,False
5625,5531,-Строительство и ремонт,1.0,1646468834,1701468001,7.0,True
5626,5842,-,1.0,1650372516,1701554401,7.0,True
5627,5820,-,2.0,1650096976,1708812001,2.0,True
5629,5852,ремонт квартир,1.0,1650469861,1693000802,7.0,True
5630,3696,-,2.0,1625481789,1672610402,2.0,False
5632,5916,Строительство зданий и инженерных сетей,2.0,1651227553,1699740001,2.0,True
5678,4311,-,1.0,1632911409,1703196001,9.0,True
5679,4906,Проектирование и строительство мостов,3.0,1640001216,1703368802,2.0,True
5680,5262,-,1.0,1643895350,1684706402,7.0,True
5681,2791,строительство,2.0,1612681846,1703714401,2.0,True
5683,5894,-,1.0,1651051182,1704492001,7.0,True
5687,5896,Комплексное строительство,3.0,1651060674,1704492001,9.0,True
5690,5927,"-Строительство, продажа стройматериалов",2.0,1651572457,1660892252,2.0,False
5694,6004,-,2.0,1652705746,1663142255,2.0,False
5739,4522,-,1.0,1635230898,1670298393,7.0,True
5750,5961,стройтельство,2.0,1652191946,1688508002,2.0,True
5751,5979,-,1.0,1652367123,1690927202,2.0,True
5754,4021,-,1.0,1629707176,1652928806,7.0,False
5755,5183,Строительство,3.0,1643188311,1705615202,2.0,True
5762,5935,Электромонтаж,1.0,1651732697,1682892002,2.0,True
5794,6017,-,2.0,1652774766,1708510521,9.0,False
5806,6036,-,1.0,1652867578,1685679356,2.0,False
5862,6071,-,1.0,1653312448,1681423201,2.0,True
5863,5381,Строительство инженерных коммуникаций,2.0,1644855767,1706306401,2.0,True
5864,6031,-,1.0,1652856264,1687816801,7.0,True
5865,6124,-,2.0,1653939595,1701986401,2.0,True
5869,8899,Строительство,2.0,1695381140,1697289155,2.0,False
5873,4042,Инженерные системы,2.0,1629821060,1653991588,2.0,False
5874,6113,-,2.0,1653659679,1661432745,2.0,False
5894,6131,-,1.0,1653995657,1670298322,2.0,True
5928,6141,Строительство Загородных Домов,3.0,1654085586,1684423717,7.0,False
5930,6185,-,1.0,1654679969,1689372002,4.0,True
5932,6080,Строительство энергоэффективных зданий малой этажности,2.0,1653391745,1694012132,2.0,False
5954,6155,-,1.0,1654178841,1670298322,2.0,True
5988,6228,Металлоконструкции,2.0,1655371895,1698703202,7.0,True
5989,6179,Строительство,3.0,1654606882,1708552801,2.0,True
5990,6254,-,1.0,1655807525,1665143692,2.0,False
5991,622,-,1.0,1574710210,1708639202,2.0,True
5994,4669,Строительство Домов,2.0,1637146459,1697925602,2.0,True
6045,6288,благоустройство,1.0,1656330913,1675952422,7.0,False
6102,6326,-,1.0,1656930023,1670298283,2.0,False
6105,6342,-,5.0,1657190550,1699048801,2.0,True
6108,6293,Производство и строительство шумозащитных экранов,3.0,1656407849,1657292260,2.0,False
6110,6375,-,1.0,1657789989,1688992279,9.0,False
6111,5790,проектирование производство строительство,2.0,1649704109,1657527888,2.0,False
6112,6341,-,2.0,1657189317,1660209474,2.0,False
6114,6379,Агрегатор элитных ремонтов,1.0,1657867968,1692828001,7.0,True
6116,6413,СТРОИТЕЛЬСТВО,1.0,1658488452,1693605601,4.0,True
6163,6317,-,1.0,1656669622,1695506401,7.0,True
6167,5019,Ремонты домов и квартир,1.0,1641986225,1658571575,7.0,False
6173,6395,-,1.0,1658139376,1670298278,7.0,True
6222,6374,-,1.0,1657732916,1678967154,7.0,False
6223,2263,Строительство домов,1.0,1604481806,1671012655,2.0,False
6224,6428,-,1.0,1658818249,1691186402,7.0,True
6228,1640,Производство и строительство домов,2.0,1597729566,1709762402,2.0,True
6277,1645,-,1.0,1597756601,1682892002,2.0,True
6279,1088,-ремонт,1.0,1588497830,1700744297,2.0,False
6283,6566,-,1.0,1660821404,1694815202,2.0,True
6285,6552,-,1.0,1660730760,1660736101,7.0,False
6298,6519,Малоэтажное домостроение,2.0,1660299396,1699912801,2.0,False
6303,5742,"Проектирование, строительство",3.0,1649167323,1704578401,7.0,True
6313,1255,Ландшафтно-строительная компания,3.0,1591809002,1709935202,9.0,True
6340,6571,-,1.0,1660897622,1687453499,9.0,False
6341,6536,-,1.0,1660639786,1661154911,7.0,False
6342,6596,Производство модульных домов,1.0,1661331458,1688103382,7.0,False
6344,6609,Строительство и монтаж,2.0,1661530904,1662014501,2.0,False
6347,6627,-,1.0,1662105868,1662366660,7.0,False
6377,6603,-,1.0,1661450670,1670298347,2.0,True
6401,6625,-,1.0,1662040839,1676651974,2.0,False
6403,6612,-,1.0,1661712086,1665068326,7.0,False
6404,858,"Проводные и беспроводные инженерные системы ""под ключ"".",1.0,1585132211,1662545439,2.0,False
6407,6695,-,1.0,1663310510,1663314930,7.0,False
6457,6663,Дома для хорошей жизни,1.0,1662645997,1672437601,2.0,True
6465,2771,Строительство. Ремонт. Дизайн.,1.0,1612258953,1664190213,7.0,False
6469,6660,Строительство,2.0,1662643603,1664859764,2.0,False
6515,4695,Строительство,2.0,1637319470,1671141601,2.0,True
6518,3750,Инвестиционно-строительная компания,1.0,1626163978,1705701602,7.0,True
6522,1787,-,2.0,1599333118,1690927201,7.0,True
6524,6811,-,1.0,1666021946,1694556001,2.0,True
6526,6517,строительство ,2.0,1660291566,1665674972,2.0,False
6527,6759,"Строительство бассейнов, домов, ремонт квартир и офисов",1.0,1664960329,1709330401,7.0,True
6529,6809,-,1.0,1666010796,1669042285,7.0,False
6547,6816,-,2.0,1666092346,1703973601,2.0,False
6579,6813,-,1.0,1666079683,1675202403,7.0,False
6581,6305,Общестроительные работы,6.0,1656521171,1689112802,10.0,True
6588,6860,-,1.0,1667034635,1676895090,7.0,False
6591,3524,Строительство,4.0,1623140104,1701468001,4.0,True
6604,6225,Электромонтажные работы      ,1.0,1655302437,1700949601,7.0,True
6609,6844,-,2.0,1666680190,1683812666,2.0,False
6614,6527,Электромонтажные работы,2.0,1660553320,1666944674,2.0,False
6616,5058,-,1.0,1642167319,1666870333,2.0,False
6620,6834,-,1.0,1666351648,1675288801,7.0,True
6638,3227,-,1.0,1619702893,1670298393,2.0,True
6653,6764,-,1.0,1665045706,1678776399,2.0,False
6658,4223,-,1.0,1631804318,1667393957,2.0,False
6669,3892,-,1.0,1627977757,1667887804,2.0,False
6684,3232,-,1.0,1619705777,1668429561,2.0,False
6701,5986,Строительство,2.0,1652442264,1693488257,2.0,False
6707,6805,Строительство,4.0,1665989213,1669127067,2.0,False
6709,6944,-,1.0,1668881070,1669731344,7.0,False
6713,6927,,1.0,1668598253,1709727143,17.0,False
6723,108,"Дизайн, отделка, мебель",2.0,1549002284,1670298305,2.0,True
6745,5432,-,1.0,1645273554,1669196113,2.0,False
6746,5200,Кап.ремонт,1.0,1643287826,1669370109,2.0,False
6751,6972,-,2.0,1669713243,1677603396,2.0,False
6754,5111,строительство загородных домов,1.0,1642663730,1686261602,4.0,True
6755,6745,-,1.0,1664786403,1671108909,2.0,False
6773,8565,-,1.0,1692168893,1694588647,2.0,False
6775,7000,строительство,3.0,1670160750,1697521896,2.0,False
6785,6989,продажа домов,3.0,1669972302,1706181182,7.0,False
6787,6712,Строительство,8.0,1663678846,1673560802,13.0,False
6817,8761,-,1.0,1694159276,1695105950,2.0,False
6865,1595,-,1.0,1597138106,1670298266,7.0,True
6868,4611,капитальное строительство,5.0,1636482413,1670298266,2.0,True
6900,2543,-,1.0,1608874930,1670298267,7.0,True
6904,3855,Строительство жилых и нежилых зданий (основной),3.0,1627384144,1670298267,9.0,True
6907,366,Комплексные ремонты,1.0,1562868869,1670298267,4.0,True
6930,3494,Генеральный подряд,3.0,1622732705,1670298267,9.0,True
6977,3463,Электромонтаж,1.0,1622321477,1670298269,7.0,True
6980,667,-,3.0,1576988750,1670298269,3.0,True
6998,3717,-,1.0,1625678871,1670298269,7.0,True
7015,1848,-,1.0,1600248157,1670298269,7.0,True
7016,589,-,1.0,1574400344,1670298269,3.0,True
7018,1167,-,1.0,1590710507,1670298269,7.0,True
7052,30,"Кровля, фасады, внутренняя отделка",1.0,1548940221,1670298270,4.0,True
7055,2828,-,1.0,1613497807,1670298270,7.0,True
7057,6086,Строительство зданий и сооружений,2.0,1653408209,1670298270,2.0,True
7058,981,-,1.0,1587634258,1670298270,7.0,True
7090,1265,-,1.0,1591953770,1670298272,7.0,True
7101,3274,Строительство,1.0,1620333093,1670298273,2.0,True
7103,4668,-,2.0,1637141256,1670298273,2.0,True
7130,2227,-,1.0,1604050119,1670298275,7.0,True
7144,2078,-,1.0,1602867312,1670298276,7.0,True
7171,2354,-,1.0,1605356561,1670298277,3.0,True
7189,3953,"Строительство, Ремонт",2.0,1628678035,1670298277,7.0,True
7214,1470,-,1.0,1595234824,1670298279,2.0,True
7255,3079,Девелопмент,2.0,1617718137,1670298280,2.0,True
7275,3596,-,1.0,1623997469,1670298280,7.0,True
7291,1055,Облицовка фасадов,1.0,1588085985,1670298281,4.0,True
7300,3473,-,1.0,1622473519,1670298283,7.0,True
7303,2998,-,2.0,1616432548,1670298284,7.0,True
7310,1737,-,1.0,1598520221,1670298285,7.0,True
7314,2444,-строительство ,1.0,1606290976,1670298285,2.0,True
7355,2348,-,8.0,1605272564,1670298288,3.0,True
7370,3444,"Ремонт, Дизайн, Строительство",1.0,1622036545,1670298289,7.0,True
7381,1182,-,1.0,1591089790,1670298290,7.0,True
7386,1881,-,1.0,1600961160,1685656802,7.0,True
7390,1860,Строительство,1.0,1600334930,1670298290,7.0,True
7419,943,-,1.0,1587460732,1670298296,7.0,True
7422,6110,-,1.0,1653640312,1670298296,2.0,True
7452,5206,-,1.0,1643368532,1670298299,2.0,True
7458,2182,-,1.0,1603704340,1670298300,7.0,True
7529,502,-,1.0,1570906939,1670298319,4.0,True
7538,1464,-,1.0,1595064181,1670298320,7.0,True
7547,2618,Строительно монтажные работы,2.0,1610477290,1670298321,7.0,True
7558,765,-,1.0,1581436945,1670298327,4.0,True
7590,4824,-,2.0,1638967935,1670298331,2.0,True
7622,1050,-,1.0,1588066615,1670298340,7.0,True
7632,419,строительство быстровозводимых зданий ,1.0,1566445612,1670298341,6.0,True
7652,4794,Модульное строительство домов и бань,3.0,1638521342,1670298358,7.0,True
7673,3349,-,1.0,1621249395,1670298361,7.0,True
7694,421,Девелопмент,4.0,1566457078,1670298370,2.0,True
7736,309,Загородное строительство,1.0,1558624797,1670298389,4.0,True
7761,3939,-,1.0,1628541852,1670298400,2.0,True
7775,7037,-,1.0,1670936189,1690919779,7.0,False
7817,7084,-,1.0,1671699928,1707602401,2.0,True
7831,7055,-,1.0,1671205447,1708380001,7.0,True
7833,7088,- чистовая отделка квартир,2.0,1671894326,1698444001,9.0,True
7843,7052,-,1.0,1671177915,1671444307,9.0,False
7857,7058,-,2.0,1671351770,1675671046,2.0,False
7860,6891,-,1.0,1667812260,1673855119,2.0,False
7895,7123,Ремонтно-строительная компания,1.0,1673259204,1699512357,7.0,False
7916,7109,-,1.0,1672927577,1675116001,2.0,True
7920,408,Строительство,2.0,1565700592,1673260974,2.0,False
7934,7142,-,1.0,1673452507,1673519546,2.0,False
7938,4477,Строительство объектов связи,1.0,1634635530,1692223201,7.0,True
7942,7136,Проектирование и строительство инженерных систем,2.0,1673372045,1673530650,2.0,False
7963,8869,-,1.0,1695125454,1695745480,2.0,False
7982,7187,-,1.0,1673887853,1680040801,7.0,True
7985,7159,-,1.0,1673599287,1675202403,4.0,True
7988,7197,-,1.0,1674030893,1698703202,2.0,True
8001,8583,-,1.0,1692272758,1693545804,2.0,False
8007,7163,-,1.0,1673618250,1674338401,2.0,False
8010,4479,Отделочные работы,5.0,1634653979,1674252002,17.0,True
8030,7245,-,1.0,1674644468,1679317148,2.0,False
8042,7158,Строительство,3.0,1673597702,1683842401,9.0,True
8111,7302,-строительство,2.0,1675432613,1677535201,2.0,True
8115,7211,Строительство,5.0,1674209083,1699858626,7.0,False
8152,7329,Общестроительные работы,3.0,1675844927,1677573404,9.0,False
8171,7308,-,1.0,1675663102,1678337530,2.0,False
8173,7321,Строительство жилых и нежилых зданий,5.0,1675767854,1678787517,2.0,False
8174,7322,-,1.0,1675772397,1677738089,2.0,False
8175,7305,-,1.0,1675504177,1677834585,2.0,False
8176,7260,Строительство,7.0,1674821306,1681912789,2.0,False
8191,7365,-,1.0,1676446425,1676457551,2.0,False
8212,7366,-,1.0,1676449515,1696920859,7.0,False
8213,7371,-,1.0,1676538441,1698098401,2.0,False
8265,7436,Строительство,2.0,1677670318,1708120801,2.0,True
8287,7425,-,1.0,1677579929,1678688927,9.0,False
8298,8595,-,1.0,1692371885,1694528227,2.0,False
8300,7446,-,1.0,1677742996,1684129430,2.0,False
8311,7478,-,1.0,1678133266,1678133266,,False
8313,7479,-,1.0,1678174074,1678174074,,False
8315,7480,-,1.0,1678174873,1678174873,,False
8317,7481,-,1.0,1678175908,1678175908,,False
8330,7519,-,1.0,1678717180,1693000802,2.0,True
8358,7423,Строительство,5.0,1677576839,1678429449,9.0,False
8386,7546,-,1.0,1678975990,1708328305,2.0,False
8401,8603,-,1.0,1692563387,1698299133,2.0,False
8472,7527,,2.0,1678794273,1686130137,9.0,False
8475,7591,строительство энергетических обьектов,4.0,1679664407,1706882883,2.0,False
8546,7542,-,1.0,1678919805,1681469301,2.0,False
8553,8631,-,1.0,1692718866,1695383073,9.0,False
8558,7636,-,1.0,1680189142,1702677601,2.0,True
8624,7607,-,1.0,1679993799,1682664367,7.0,False
8626,7745,-,1.0,1681290742,1708074310,2.0,False
8700,7773,-,1.0,1681759986,1681988776,2.0,False
8727,7769,-,1.0,1681714545,1684998337,7.0,False
8741,7823,-,1.0,1682409610,1694642401,17.0,True
8749,7803,-,2.0,1681999875,1703800801,2.0,True
8758,7751,-,1.0,1681371799,1687524696,7.0,False
8768,7864,-,1.0,1682789254,1683699252,7.0,False
8786,7848,Строительство из ЛСТК и ФПБ,1.0,1682595861,1682675405,7.0,False
8816,8789,-,3.0,1694507614,1701757565,7.0,False
8819,7269,-,1.0,1675055863,1695288521,21.0,False
8836,7870,-,2.0,1683007758,1684965602,2.0,True
8848,7939,-,1.0,1684141920,1698444001,10.0,True
8859,7882,-,2.0,1683122399,1709707668,7.0,False
8885,7944,-,1.0,1684149633,1684149633,,False
8889,7811,-,1.0,1682267664,1692482401,7.0,True
8890,7985,-,1.0,1684760441,1685086807,7.0,False
8910,7999,-,1.0,1684921233,1686056344,2.0,False
8932,7815,Строительство и застройка,2.0,1682327685,1687439675,2.0,False
8941,7988,-,1.0,1684821597,1685944497,2.0,False
8993,7971,-,1.0,1684494895,1695247201,2.0,True
9005,336,Строительство,1.0,1561138118,1686434402,4.0,True
9008,8058,-,1.0,1685704837,1686723998,2.0,False
9012,8015,-,1.0,1685101604,1687407653,13.0,False
9020,8103,-,1.0,1686308970,1687352460,2.0,False
9027,8062,-,1.0,1685780192,1691043734,7.0,False
9058,2391,Строительство,3.0,1605708929,1687125601,17.0,True
9252,8198,-,1.0,1687761798,1698125013,19.0,False
9308,8219,Строительство и ремонт,1.0,1687864784,1690208788,2.0,False
9366,8559,строительство,1.0,1692111943,1692959211,7.0,False
9378,8180,Строительство и проектирование,4.0,1687448149,1697688407,9.0,False
9466,5309,-,1.0,1644388770,1695852001,2.0,True
9468,8955,-,2.0,1695864945,1704849141,9.0,False
9525,8965,-,1.0,1695894948,1696862030,7.0,False
9526,8968,-,3.0,1695897737,1698134087,2.0,False
9577,5409,Деревья,1.0,1645012474,1695938401,7.0,True
9712,8675,Строительно-монтажно-ремонтные работы,2.0,1693219973,1696073101,7.0,False
9765,8997,Компания по строительству каркасных домов и бань,1.0,1696239533,1697470858,2.0,False
9770,8996,Строительство ,1.0,1696236380,1701672606,7.0,False
9820,8862,-,3.0,1695104496,1696253243,9.0,False
9961,9009,-,1.0,1696307727,1701381601,9.0,True
9985,9012,-,2.0,1696315520,1710326664,2.0,False
10117,9036,-,1.0,1696421819,1702332001,7.0,True
10119,8296,Снабжение и Строительство недвижимости,2.0,1688550922,1705908449,2.0,False
10124,5098,-,1.0,1642579197,1696370402,9.0,True
10141,5120,Строительно-монтажная,2.0,1642679507,1696456801,2.0,True
10196,9050,Ремонт квартир и загородной недвижимости ,1.0,1696508005,1702072801,7.0,True
10216,9086,-,1.0,1696919096,1702591201,2.0,True
10221,9063,-,1.0,1696612016,1697605802,7.0,False
10236,9078,-,1.0,1696855143,1697194708,7.0,False
10293,9148,Ремонт/Отделка помещений,2.0,1697536449,1700863201,9.0,True
10294,9107,-,1.0,1697157507,1702504801,7.0,True
10304,9110,-,1.0,1697179601,1699265348,2.0,False
10350,9164,ФАСАДЫ ОСТЕКЛЕНИЕ,1.0,1697703104,1701727201,2.0,True
10361,9189,-,1.0,1697956401,1698137147,2.0,False
10376,9243,-,1.0,1698329991,1698924524,20.0,False
10412,9223,-,1.0,1698216012,1705927362,2.0,False
10415,9132,Строительство,1.0,1697444896,1705318343,2.0,False
10426,9257,-,2.0,1698491226,1703887201,2.0,True
10432,9290,-,1.0,1698807837,1699344253,9.0,False
10465,3932,Строительство жилых и не жилых зданий,2.0,1628502441,1698789601,2.0,True
10471,9295,-,1.0,1698840513,1705413435,9.0,False
10473,9278,-строительно-монтажное направление. электроснабжение электрификация . ,2.0,1698744428,1706824802,2.0,True
10487,9215,-,1.0,1698148703,1699109206,2.0,False
10527,9331,Строительство,1.0,1699431823,1700212395,2.0,False
10549,9332,-,1.0,1699432117,1705999447,7.0,False
10557,9400,-,1.0,1700161355,1700727676,2.0,False
10597,9402,Строительно отделочные работы,1.0,1700207865,1702636107,7.0,False
10600,9394,Строительство,2.0,1700111458,1701941037,17.0,False
10622,5100,-,1.0,1642580740,1700461698,19.0,False
10692,6806,-,1.0,1665992175,1700949601,13.0,True
10720,9471,-,2.0,1701079968,1704774917,9.0,False
10729,9457,"Гидроизоляция, ремонт, строительство",4.0,1700817748,1702638404,10.0,False
10760,9524,Строительство,2.0,1701693483,1702450979,2.0,False
10797,9538,-,1.0,1701864636,1704891116,7.0,False
10923,9626,-,1.0,1703168165,1705297151,7.0,False
10939,5264,-,1.0,1643904271,1703541601,7.0,True
10962,5876,-,1.0,1650740543,1704146401,7.0,True
10973,9623,-Ремонт под ключ,2.0,1703151024,1709736116,7.0,False
10993,9698,-,1.0,1704879149,1704960327,20.0,False
11046,9683,"-Отделочные работы МОП, ТЦ, Офисы",1.0,1704798079,1708984801,17.0,True
11050,9742,-,3.0,1705405562,1709568859,9.0,False
11079,9777,-,1.0,1705672255,1706523682,17.0,False
11143,9815,Строительство объектов энергетики,3.0,1705987518,1709031704,2.0,False
11169,9817,-,1.0,1705994136,1707379889,7.0,False
11208,9802,-,1.0,1705910486,1709122683,19.0,False
11256,3158,загородное строительство,3.0,1618913413,1707056152,2.0,False
11272,9931,Строительство ,1.0,1707310569,1709567706,2.0,False
11288,3680,Генподряд,3.0,1625227846,1707210832,2.0,False
11335,7465,Создание объектов СПА и ВЕЛНЕСС,2.0,1677860568,1707996049,2.0,False
11434,7074,-,1.0,1671548145,1709157602,7.0,True
11500,6279,-,3.0,1656313100,1709676001,2.0,True
11547,6256,-,1.0,1655827277,1709848801,7.0,True
15463,5411,-,1.0,1645018850,1710233935,9.0,False
17972,7526,Строительство частной и коммерческой недвижимости с 2008 г.,2.0,1678793983,1710325577,2.0,False
